{
  "center": [
    43.844412, -79.382311
  ],
  "Address": "HW7 and Leslie",
  "camera": "sc1",
  "roi": [
    [4132, 1057],
    [2786, 834],
    [874, 1020],
    [1226, 2412]     
    ],
  "roi_group":[1, 2, 3, 4],
  "gt":{"1":0, "2":0, "3":0, "4":0, "5":19, "6":1, "7":0, "8":0, "9":0, "10":0, "11":9, "12":1},
  "roi_percent": 0.05,
  "moi_clusters":{"1":3, "2":3, "3":3, "4":3, "5":3, "6":3, "7":3, "8":3, "9":3, "10":3, "11":3, "12":3}
}
