{
    "sc1": {
        "intrinsic_matrix": [
            [
                2160.0,
                0.0,
                2383.744763,
                0.0
            ],
            [
                0.0,
                2160.0,
                1328.069528,
                0.0
            ],
            [
                0.0,
                0.0,
                1.0,
                0.0
            ]
        ],
        "image_size": [
            4840,
            2726
        ]
    },
    "sc2": {
        "intrinsic_matrix": [
            [
                2160.0,
                0.0,
                2443.555595,
                0.0
            ],
            [
                0.0,
                2160.0,
                1349.428111,
                0.0
            ],
            [
                0.0,
                0.0,
                1.0,
                0.0
            ]
        ],
        "image_size": [
            4851,
            2731
        ]
    },
    "sc3": {
        "intrinsic_matrix": [
            [
                2160.0,
                0.0,
                2435.560499,
                0.0
            ],
            [
                0.0,
                2160.0,
                1336.25684,
                0.0
            ],
            [
                0.0,
                0.0,
                1.0,
                0.0
            ]
        ],
        "image_size": [
            4932,
            2769
        ]
    },
    "sc4": {
        "intrinsic_matrix": [
            [
                2160.0,
                0.0,
                2402.968841,
                0.0
            ],
            [
                0.0,
                2160.0,
                1357.883747,
                0.0
            ],
            [
                0.0,
                0.0,
                1.0,
                0.0
            ]
        ],
        "image_size": [
            4847,
            2733
        ]
    },
    "lc1": {
        "intrinsic_matrix": [
            [
                7293.929,
                0.0,
                1812.377,
                0.0
            ],
            [
                0.0,
                7297.966,
                1061.51,
                0.0
            ],
            [
                0.0,
                0.0,
                1.0,
                0.0
            ]
        ],
        "image_size": [
            3993,
            2247
        ]
    },
    "lc2": {
        "intrinsic_matrix": [
            [
                7376.68,
                0.0,
                1783.493,
                0.0
            ],
            [
                0.0,
                7380.296,
                1057.175,
                0.0
            ],
            [
                0.0,
                0.0,
                1.0,
                0.0
            ]
        ],
        "image_size": [
            3996,
            2251
        ]
    }
}