{
  "T_gta_localgta": [
    [
      1,
      0,
      0,
      629540
    ],
    [
      0,
      1,
      0,
      4855460
    ],
    [
      0,
      0,
      1,
      0
    ],
    [
      0,
      0,
      0,
      1
    ]
  ],
  "T_localgta_gta": [
    [
      1.0,
      0.0,
      0.0,
      -629540.0
    ],
    [
      0.0,
      1.0,
      0.0,
      -4855460.0
    ],
    [
      0.0,
      0.0,
      1.0,
      0.0
    ],
    [
      0.0,
      0.0,
      0.0,
      1.0
    ]
  ],
  "T_gta_sl": [
    [
      -0.49858468549859986,
      0.7727174810802976,
      -0.3928371237840342,
      630064.8861048389
    ],
    [
      -0.8667847547010734,
      -0.4392561959431853,
      0.2360893546547102,
      4855849.597963195
    ],
    [
      0.009874230820050546,
      0.45821576661097674,
      0.8887861445871386,
      212.04834174040843
    ],
    [
      0.0,
      0.0,
      0.0,
      1.0
    ]
  ],
  "T_gta_ll": [
    [
      -0.058634938398767045,
      -0.974326164198938,
      -0.21737137260874995,
      630018.5778794022
    ],
    [
      0.9982272912280137,
      -0.054996874017942204,
      -0.02275066749685292,
      4855833.444894257
    ],
    [
      0.010211530821833162,
      -0.21832026409144314,
      0.9758236686867076,
      213.5431772729862
    ],
    [
      0.0,
      0.0,
      0.0,
      1.0
    ]
  ],
  "T_localgta_sc1": [
    [
      -0.3075233266,
      -0.3806936581,
      0.8720675102,
      467.644202
    ],
    [
      -0.9513509871,
      0.1047174616,
      -0.2897681015,
      416.2040318
    ],
    [
      0.01899218251,
      -0.9187527371,
      -0.3943763496,
      213.00194
    ],
    [
      0.0,
      0.0,
      0.0,
      1.0
    ]
  ],
  "T_sc1_localgta": [
    [
      -0.30752332659441584,
      -0.9513509870424467,
      0.018992182547011478,
      535.7222453982591
    ],
    [
      -0.38069365811525124,
      0.10471746163700583,
      -0.9187527370783074,
      330.1414676005732
    ],
    [
      0.8720675101183483,
      -0.2897681014443422,
      -0.3943763495243638,
      -203.21173521244773
    ],
    [
      0.0,
      0.0,
      0.0,
      1.0
    ]
  ],
  "T_localgta_sc2": [
    [
      0.8960545651,
      -0.214975792,
      0.388421968,
      479.2624439
    ],
    [
      -0.4414303579,
      -0.3384764591,
      0.8310071755,
      374.0708132
    ],
    [
      -0.04717473333,
      -0.9160890216,
      -0.3981902172,
      212.8977411
    ],
    [
      0.0,
      0.0,
      0.0,
      1.0
    ]
  ],
  "T_sc2_localgta": [
    [
      0.8960545651056627,
      -0.4414303579389249,
      -0.047174733345142564,
      -254.27569360873514
    ],
    [
      -0.2149757919887656,
      -0.3384764591377275,
      -0.9160890215811138,
      424.67727110770846
    ],
    [
      0.38842196797366396,
      0.831007175496346,
      -0.3981902171548002,
      -412.23779378808354
    ],
    [
      0.0,
      0.0,
      0.0,
      1.0
    ]
  ],
  "T_localgta_sc3": [
    [
      -0.9024559816,
      0.1809177226,
      -0.3909500977,
      512.8519464
    ],
    [
      0.4301858866,
      0.3307542264,
      -0.8399653235,
      431.7384888
    ],
    [
      -0.02265621625,
      -0.9262129449,
      -0.3763193809,
      212.4446194
    ],
    [
      0.0,
      0.0,
      0.0,
      1.0
    ]
  ],
  "T_sc3_localgta": [
    [
      -0.9024559816748954,
      0.43018588669720986,
      -0.022656216266661377,
      281.91169335836634
    ],
    [
      0.18091772254361593,
      0.3307542263555821,
      -0.9262129449996842,
      -38.81437941190972
    ],
    [
      -0.3909500976349825,
      -0.8399653234751452,
      -0.3763193809830071,
      643.0919055847118
    ],
    [
      0.0,
      0.0,
      0.0,
      1.0
    ]
  ],
  "T_localgta_sc4": [
    [
      0.3324242806,
      0.3779979036,
      -0.8640669433,
      524.9527067
    ],
    [
      0.9428731402,
      -0.1545749433,
      0.295121718,
      389.2600955
    ],
    [
      -0.02200770809,
      -0.9128111369,
      -0.4077885347,
      212.8165087
    ],
    [
      0.0,
      0.0,
      0.0,
      1.0
    ]
  ],
  "T_sc4_localgta": [
    [
      0.3324242805775379,
      0.9428731401467102,
      -0.02200770805825944,
      -536.8463108464244
    ],
    [
      0.3779979036480696,
      -0.1545749433505824,
      -0.9128111370129997,
      56.00011384515877
    ],
    [
      -0.8640669433313272,
      0.2951217180011799,
      -0.4077885347017972,
      425.49930478163765
    ],
    [
      0.0,
      0.0,
      0.0,
      1.0
    ]
  ],
  "T_localgta_lc1": [
    [
      -0.1742128039,
      0.06354287252,
      -0.9826556886,
      526.0092901
    ],
    [
      0.9846820357,
      0.01849210656,
      -0.1733762688,
      389.5072156
    ],
    [
      0.007154547557,
      -0.9978077697,
      -0.0657910868,
      212.9940751
    ],
    [
      0.0,
      0.0,
      0.0,
      1.0
    ]
  ],
  "T_lc1_localgta": [
    [
      -0.17421280388031962,
      0.984682035679356,
      0.007154547559123362,
      -293.4270809135028
    ],
    [
      0.06354287252158623,
      0.018492106559543583,
      -0.9978077697732607,
      171.90019284786868
    ],
    [
      -0.9826556885741464,
      -0.17337626881155888,
      -0.06579108680191545,
      598.4304405587187
    ],
    [
      0.0,
      0.0,
      0.0,
      1.0
    ]
  ],
  "T_localgta_lc2": [
    [
      -0.3748920916,
      0.09341719125,
      -0.922349797,
      517.2774064
    ],
    [
      0.9253370217,
      -0.02307160392,
      -0.378442991,
      404.7860905
    ],
    [
      -0.05663317046,
      -0.9953596985,
      -0.07779302367,
      213.7371015
    ],
    [
      0.0,
      0.0,
      0.0,
      1.0
    ]
  ],
  "T_lc2_localgta": [
    [
      -0.37489209159314807,
      0.9253370216280032,
      -0.05663317045981783,
      -168.5357368577016
    ],
    [
      0.09341719125097998,
      -0.02307160392182377,
      -0.9953596985737172,
      173.76175887265978
    ],
    [
      -0.9223497970122233,
      -0.3784429909827863,
      -0.07779302367709291,
      646.9264249867609
    ],
    [
      0.0,
      0.0,
      0.0,
      1.0
    ]
  ]
}